Año,Fecha,Latitud,Longitud,Título de la Noticia,Muertos,URL
2013, 25 de Diciembre  ,25.6857798,-100.2833178, Abaten ministeriales a dos en Monterrey ,2, http://www.elnorte.com/seguridad/Articulo/780/1558249/
2013, 11 de Diciembre  ,25.655705,-100.324788, Tiran cad&#225;ver en un monte ,1, http://www.elnorte.com/seguridad/articulo/778/1554569/
2013, 7 de Diciembre  ,25.657262,-100.328259, Bajan con fusiles y ejecutan a tres ,3, http://www.elnorte.com/seguridad/articulo/777/1553399/
2013, 14 de Diciembre  ,25.785,-100.0511111, Matan a tiros a cantinero ,1, http://www.elnorte.com/seguridad/Articulo/778/1555519/
2013, 19 de Diciembre  ,25.755339,-100.132018, Reparan camioneta y sicarios los matan ,2, http://www.elnorte.com/seguridad/articulo/779/1556977/
2013, 17 de Diciembre  ,25.727064,-100.175405, Matan a 2 en cancha de Apodaca ,2, http://www.elnorte.com/seguridad/articulo/779/1556387/
2013, 13 de Diciembre  ,25.759754,-100.155404, Tratan de levantarla se resiste y la matan,1, http://www.elnorte.com/seguridad/articulo/778/1555278/
2013, 2 de Diciembre  ,25.773605,-100.261027, Tiran en Apodaca cabeza de mujer ,1, http://www.elnorte.com/seguridad/articulo/776/1551756/
2013, 1 de Diciembre  ,25.934929,-100.363455, Atan y asesinan a un secuestrado ,1, http://www.elnorte.com/seguridad/articulo/776/1551754/
2013, 26 de Diciembre  ,23.6773342,-100.1828301, Abaten polic&#237;as a 3 en Doctor Arroyo ,3, http://www.elnorte.com/seguridad/articulo/780/1558502/
2013, 13 de Diciembre  ,25.712437,-100.547529, Abaten a 4 en Garc&#237;a ,4, http://www.elnorte.com/seguridad/articulo/778/1555277/
2013, 9 de Diciembre  ,25.799891,-100.622406, Muere por una golpiza tras ser levantado ,1, http://www.elnorte.com/seguridad/articulo/777/1553949/
2013, 25 de Diciembre  ,25.6685405,-100.4615679, Encuentran cuerpo sepultado en bald&#237;o ,1, http://www.elnorte.com/seguridad/Articulo/780/1558214/
2013, 18 de Diciembre  ,25.573259,-99.988031, Abaten a 4 sicarios y liberan a plagiada ,4, http://www.elnorte.com/seguridad/articulo/779/1556669/
2013, 12 de Diciembre  ,25.5934201,-99.9901032, Termina una fiesta con dos ejecutados ,2, http://www.elnorte.com/seguridad/articulo/778/1555278/
2013, 26 de Noviembre  ,25.724009,-100.214021, Falla agente y lo matan ,1, http://www.elnorte.com/seguridad/articulo/775/1549891/
2013, 9 de Noviembre  ,25.757711,-100.306485, Matan a pareja y la encajuelan ,2, http://www.elnorte.com/seguridad/articulo/773/1544601/
2013, 30 de Noviembre  ,25.7082555,-100.3203215, Matan a polic&#237;a de Fuerza Civil ,1, http://www.elnorte.com/seguridad/Articulo/776/1551194/
2013, 25 de Noviembre  ,25.708304,-100.324616, Ejecutan a conductor desde otro veh&#237;culo ,1, http://www.elnorte.com/seguridad/articulo/775/1549582/
2013, 23 de Noviembre  ,25.665753,-100.29916, Levantan a joven; lo matan a balazo ,1, http://www.elnorte.com/seguridad/articulo/775/1549011/
2013, 22 de Noviembre  ,25.617017,-100.264929, Lo acribillan por la espalda ,1, http://www.elnorte.com/seguridad/articulo/775/1548809/
2013, 17 de Noviembre  ,25.741795,-100.351052, Lo tiran en bolsas de auto ,1, http://www.elnorte.com/seguridad/articulo/774/1547078/
2013, 12 de Noviembre  ,25.7137065,-100.3259337, Lo bajan de auto y lo ejecutan ,1, http://www.elnorte.com/seguridad/Articulo/773/1545489/
2013, 2 de Noviembre  ,25.7044133,-100.2817471, Hallan un ejecutado en la Col. Coyoac&#225;n ,1, http://www.elnorte.com/seguridad/Articulo/772/1542521/
2013, 27 de Noviembre  ,25.743225,-100.174461, Lo matan frente a 10 ni&#241;os ,1, http://www.elnorte.com/seguridad/articulo/776/1550270/
2013, 23 de Noviembre  ,25.760204,-100.248887, Lo asesinan de tres tiros ,1, http://www.elnorte.com/seguridad/articulo/775/1549013/
2013, 20 de Noviembre  ,25.78401,-100.237992, Abaten a matapolic&#237;as ,1, http://www.elnorte.com/seguridad/articulo/774/1547999/
2013, 29 de Noviembre  ,25.7802165,-100.3161126, Ejecutan a mujer en bar de Escobedo ,1, http://www.elnorte.com/seguridad/Articulo/776/1550943/
2013, 25 de Noviembre  ,25.699507,-100.472803, Abate AEI a sospechoso ,1, http://www.elnorte.com/seguridad/articulo/775/1549583/
2013, 13 de Noviembre  ,25.250811,-99.676941, Lo matan al llegar a velorio ,1, http://www.elnorte.com/seguridad/Articulo/773/1545846/
2013, 9 de Noviembre  ,25.593233,-100.000305, Y matan a uno en Cadereyta ,1, http://www.elnorte.com/seguridad/articulo/773/1544654/
2013, 24 de Octubre    ,25.662649,-100.116649, Va a ver a su novia y sicarios lo ejecutan ,1, http://www.elnorte.com/seguridad/articulo/770/1539711/
2013, 22 de Octubre    ,25.643785,-100.109128, Hallan en Ju&#225;rez un descuartizado ,1, http://www.elnorte.com/seguridad/articulo/770/1538982/
2013, 17 de Octubre    ,25.633189,-100.092659, Ejecutan a alba&#241;il de 8 tiros en Ju&#225;rez  ,1, http://www.elnorte.com/seguridad/articulo/769/1537381/
2013, 14 de Octubre    ,25.622383,-100.0954, Lo matan de 5 balazos ,1, http://www.elnorte.com/seguridad/articulo/769/1536367/
2013, 6 de Octubre    ,25.674175,-100.086737, Matan sicarios y tiran atado a levantado ,1, http://www.elnorte.com/seguridad/articulo/767/1533760/
2013, 11 de Octubre    ,25.744259,-100.301169, Discute y lo matan afuera de bar ,1, http://www.elnorte.com/seguridad/articulo/768/1535606/
2013, 3 de Octubre    ,25.735381,-100.3090981, Ri&#241;e en restaurante; sale y lo ejecutan ,1, http://www.elnorte.com/seguridad/Articulo/767/1532863/
2013, 30 de Octubre    ,25.638064,-100.30141, Fusilan a mujer tras torturarla ,1, http://www.elnorte.com/seguridad/articulo/771/1541531/
2013, 23 de Octubre    ,25.636351,-100.3046076, Ejecutan a joven 2 encapuchados ,1, http://www.elnorte.com/seguridad/Articulo/770/1539357/
2013, 18 de Octubre    ,25.697917,-100.33034,  Mueren dos tras ataque a balazos   ,2, http://www.elnorte.com/seguridad/articulo/770/1538016/
2013, 13 de Octubre    ,25.66553,-100.29714, Hallan cuerpo descuartizado ,1, http://www.elnorte.com/seguridad/articulo/769/1536064/
2013, 10 de Octubre    ,25.690941,-100.319799, Muere en hospital tras ser baleado ,1, http://www.elnorte.com/seguridad/articulo/768/1535228/
2013, 5 de Octubre    ,25.6918835,-100.3140082, Lo matan de 2 tiros frente a su hermano ,1, http://www.elnorte.com/seguridad/Articulo/767/1533499/
2013, 3 de Octubre    ,25.6401151,-100.3013829,  Ejecutan a mujer; le hallan narcon&#243;mina  ,1, http://www.elnorte.com/seguridad/Articulo/767/1532864/
2013, 22 de Octubre    ,25.679723,-100.223626, Dan muerte de 8 balazos a un ex reo ,1, http://www.elnorte.com/seguridad/articulo/770/1538989/
2013, 21 de Octubre    ,25.702514,-100.25165, No merec&#237;an morir as&#237; ,2, http://www.elnorte.com/seguridad/articulo/770/1538636/
2013, 20 de Octubre    ,25.789362,-100.253817, Muere otro baleado en fiesta de Apodaca ,1, http://www.elnorte.com/seguridad/articulo/770/1538321/
2013, 18 de Octubre    ,25.789362,-100.253817, Mueren dos tras ataque a balazos  ,2, http://www.elnorte.com/seguridad/articulo/770/1538016/
2013, 16 de Octubre    ,25.73502,-100.190334, Balean a 3; muere una joven ,1, http://www.elnorte.com/seguridad/articulo/769/1537074/
2013, 9 de Octubre    ,25.7379,-100.083046, Le atan manos y le dan tiro de gracia ,1, http://www.elnorte.com/seguridad/articulo/768/1534798/
2013, 2 de Octubre    ,25.736132,-100.188704, Lo matan a un d&#237;a de salir del Penal ,1, http://www.elnorte.com/seguridad/articulo/767/1532535/
2013, 21 de Octubre    ,25.796221,-100.299189, Muere un hombre que es baleado en Escobedo ,1, http://www.elnorte.com/seguridad/articulo/770/1538988/
2013, 16 de Octubre    ,25.796259,-100.612257, Ejecutan a taxista al llegar a su casa ,1, http://www.elnorte.com/seguridad/articulo/769/1537044/
2013, 4 de Octubre    ,25.6685405,-100.4615679, Matan a joven ligado a crimen de polic&#237;a ,1, http://www.elnorte.com/seguridad/Articulo/767/1533210/
2013, 1 de Octubre    ,25.667793,-100.437012, Muere otro por ataque contra bar ,1, http://www.elnorte.com/seguridad/articulo/767/1532175/
2013, 21 de Octubre    ,25.926554,-99.18251, Levantan a joven; lo hallan degollado ,1, http://www.elnorte.com/seguridad/articulo/770/1538627/
2013, 9 de Septiembre ,25.6465707,-100.0947232, Decapita el narco a joven ,1, http://www.elnorte.com/seguridad/Articulo/763/1524769/
2013, 14 de Septiembre ,25.744056,-100.311517, Lo asesinan de un balazo en la frente ,1, http://www.elnorte.com/seguridad/articulo/764/1526942/
2013, 10 de Septiembre ,25.7245785,-100.2137565,  Hallan en San Nicol&#225;s cuerpo desmembrado  ,1, http://www.elnorte.com/seguridad/Articulo/763/1525248/
2013, 5 de Septiembre ,25.748748,-100.301222, Matan a motociclista; le disparan desde auto ,1, http://www.elnorte.com/seguridad/articulo/762/1523671/
2013, 29 de Septiembre ,25.68691,-100.333157, Ejecutan a dos j&#243;venes en ataque a bar ,2, http://www.elnorte.com/seguridad/articulo/766/1531508/
2013, 27 de Septiembre ,25.672106,-100.277329, Hallan a 2 ejecutados en camioneta ,2, http://www.elnorte.com/seguridad/articulo/766/1531062/
2013, 26 de Septiembre ,25.690903,-100.319802, Balean a otros 4; muere un menor ,1, http://www.elnorte.com/seguridad/articulo/766/1531010/
2013, 24 de Septiembre ,25.649399,-100.315797, Muere de 6 balazos joven de 14 a&#241;os ,1, http://www.elnorte.com/seguridad/articulo/766/1530292/
2013, 24 de Septiembre ,25.646121,-100.285456, Lo ejecutan por rehusar pagar piso ,1, http://www.elnorte.com/seguridad/articulo/765/1529897/
2013, 23 de Septiembre ,25.689114,-100.311141, Sale de un bar y lo ejecutan ,1, http://www.elnorte.com/seguridad/articulo/765/1529591/
2013, 19 de Septiembre ,25.639824,-100.28861, Ejecutan a uno de tres balazos ,1, http://www.elnorte.com/seguridad/articulo/765/1528364/
2013, 13 de Septiembre ,25.67191,-100.300469, Lo atan y matan en casa ,1, http://www.elnorte.com/seguridad/articulo/764/1526419/
2013, 8 de Septiembre ,25.702156,-100.290263, Levantan y matan cerca de la Polic&#237;a ,1, http://www.elnorte.com/seguridad/articulo/763/1524478/
2013, 6 de Septiembre ,25.6860332,-100.3186004, Ejecutan a una mujer de 70 a&#241;os ,1, http://www.elnorte.com/seguridad/Articulo/762/1523994/
2013, 1 de Septiembre ,25.686233,-100.31495, Ejecutan a taquero y balean a cliente  ,1, http://www.elnorte.com/seguridad/articulo/762/1522142/
2013, 16 de Septiembre ,25.628642,-100.184283, Muere a cinco d&#237;as de que fue baleado ,1, http://www.elnorte.com/seguridad/articulo/764/1527229/
2013, 5 de Septiembre ,25.662342,-100.207053, Ejecutan a joven y hieren a 3 en feria ,1, http://www.elnorte.com/seguridad/articulo/762/1523597/
2013, 26 de Septiembre ,25.739031,-100.18939, Asesinan a joven de 5 tiros ,1, http://www.elnorte.com/seguridad/articulo/766/1530998/
2013, 12 de Septiembre ,25.7815621,-100.1875974, Matan pistoleros a comerciante en auto ,1, http://www.elnorte.com/seguridad/Articulo/763/1525987/
2013, 11 de Septiembre ,25.7802165,-100.3161126, Ejecutan y tiran a mujer en Escobedo ,1, http://www.elnorte.com/seguridad/Articulo/763/1525577/
2013, 2 de Septiembre ,24.879682,-99.55243, Hallan un muerto sin lengua ,1, http://www.elnorte.com/seguridad/articulo/762/1522484/
2013, 10 de Septiembre ,25.8166667,-100.5833333, Ejecutan en Garc&#237;a a dos hermanos ,2, http://www.elnorte.com/seguridad/Articulo/763/1525155/
2013, 26 de Septiembre ,25.667793,-100.437012, Matan a 4 en bar y hieren a otros 4 ,4, http://www.elnorte.com/seguridad/articulo/766/1530707/
2013, 18 de Septiembre ,25.592768,-99.999619, Hallan a un ejecutado ,1, http://www.elnorte.com/seguridad/articulo/764/1527987/
2013, 12 de Agosto     ,25.677888,-100.109997, Tiran en autopista cabeza de mujer ,1, http://www.elnorte.com/seguridad/articulo/758/1515636/
2013, 24 de Agosto     ,25.7493469,-100.2868973, Sale de antro y lo ejecutan ,1, http://www.elnorte.com/seguridad/Articulo/760/1519543/
2013, 10 de Agosto     ,25.7493469,-100.2868973, Ejecutan a uno y hieren a otro  ,1, http://www.elnorte.com/seguridad/Articulo/758/1515144/
2013, 10 de Agosto     ,25.742404,-100.248281, Muere otro tras ataque a tiros ,1, http://www.elnorte.com/seguridad/articulo/758/1515353/
2013, 31 de Agosto     ,25.69585,-100.338784, Lo ejecutan desde auto ,1, http://www.elnorte.com/seguridad/articulo/761/1521882/
2013, 27 de Agosto     ,25.690419,-100.312504, Ejecutan de un tiro a alba&#241;il ,1, http://www.elnorte.com/seguridad/articulo/761/1520470/
2013, 24 de Agosto     ,25.7377172,-100.3634743, Lo hincan y ejecutan de un tiro ,1, http://www.elnorte.com/seguridad/Articulo/760/1519541/
2013, 20 de Agosto     ,25.6161321,-100.2707039, Descuartizan a un hombre ,1, http://www.elnorte.com/seguridad/Articulo/760/1518199/
2013, 18 de Agosto     ,25.74596,-100.343242, Abate Polic&#237;a a pistolero en un tiroteo ,1, http://www.elnorte.com/seguridad/articulo/759/1517504/
2013, 9 de Agosto     ,25.6667618,-100.2866556, Acude a visitar a su novio y la ejecutan ,1, http://www.elnorte.com/seguridad/articulo/758/1514889
2013, 4 de Agosto     ,25.684534,-100.350926, Ejecutan a joven tras levantarlo ,1, http://www.elnorte.com/seguridad/articulo/757/1513146/
2013, 1 de Agosto     ,25.7013579,-100.3041884, Levantan a mujer; luego la ejecutan ,1, http://www.elnorte.com/seguridad/Articulo/757/1512291/
2013, 31 de Agosto     ,25.696104,-100.180335, Lo asesinan de 8 balazos ,1, http://www.elnorte.com/seguridad/articulo/761/1521833/
2013, 19 de Agosto     ,25.658906,-100.269245, Lo matan frente a esposa ,1, http://www.elnorte.com/seguridad/articulo/759/1517501/
2013, 19 de Agosto     ,25.658906,-100.269245, Muere baleado ,1, http://www.elnorte.com/seguridad/articulo/759/1517840/
2013, 25 de Agosto     ,25.818127,-100.165915, Torturan y matan a 2 ,2, http://www.elnorte.com/seguridad/articulo/760/1519781/
2013, 2 de Agosto     ,25.7663437,-100.1815316, Matan a 1 y hieren a 3 en ataque ,1, http://www.elnorte.com/seguridad/Articulo/757/1512621/
2013, 1 de Agosto     ,25.7663437,-100.1815316, Lo asesinan cuando ve la televisi&#243;n ,1, http://www.elnorte.com/seguridad/Articulo/757/1512307/
2013, 18 de Agosto     ,25.795631,-100.381072, Ejecutan a hombre vestido de mujer ,1, http://www.elnorte.com/seguridad/articulo/759/1517506/
2013, 13 de Agosto     ,25.948784,-100.175915, Ejecutan a mujer en Ci&#233;nega de Flores ,1, http://www.elnorte.com/seguridad/articulo/758/1515985/
2013, 16 de Agosto     ,24.852017,-99.541712, Sacan a otro cuerpo en fosa de Linares ,1, http://www.elnorte.com/seguridad/articulo/759/1517042/
2013, 15 de Agosto     ,38.112274,-3.606777, Tiran cuerpo en basurero ,1, http://www.elnorte.com/seguridad/articulo/759/1516734/
2013, 28 de Agosto     ,25.730633,-100.810547, Hallan ejecutado a uno en Garc&#237;a ,1, http://www.elnorte.com/seguridad/articulo/761/1520779/
2013, 24 de Agosto     ,25.806701,-100.596981,Hallan en Garc?a a un ejecutado,1,http://www.elnorte.com/seguridad/Articulo/760/1519553/ 
2013, 15 de Agosto     ,25.696761,-100.544128, Lo matan de un tiro ,1, http://www.elnorte.com/seguridad/articulo/759/1516726/
2013, 27 de Agosto     ,25.69214,-100.493381, Matan afuera de casa a padre hijo y sobrino,3, http://www.elnorte.com/seguridad/articulo/761/1520469/
2013, 20 de Agosto     ,25.6795386,-100.4416842, Ejecutan a due&#241;o de pollos asados ,1, http://www.elnorte.com/seguridad/Articulo/760/1518169/
2013, 15 de Agosto     ,25.684908,-100.497801, Le falla plagio y lo ejecutan ,1, http://www.elnorte.com/seguridad/articulo/759/1516726/
2013, 14 de Agosto     ,25.562265,-99.982367, Lo atan y ejecutan en Cadereyta ,1, http://www.elnorte.com/seguridad/articulo/759/1516324/
2013, 7 de Agosto     ,25.85961,-99.942541, Oculta Estado ejecuci&#243;n de funcionario de Dr. Gonz&#225;lez ,1, http://www.elnorte.com/local/articulo/758/1514117/
2013, 31 de Agosto     ,25.643828,-100.31171, Discute y lo matan de un tiro en el pecho ,1, http://www.elnorte.com/seguridad/articulo/761/1521848/
2013, 21 de Agosto     ,25.9656878,-100.2910897, Ejecutan a hombre en Salinas Victoria ,1, http://www.elnorte.com/seguridad/Articulo/760/1518542/
2013, 18 de Agosto     ,25.965916,-100.291228, Asesinan a dos dentro de su casa ,2, http://www.elnorte.com/seguridad/articulo/759/1517505/
2013, 17 de Julio      ,25.6360763,-100.0898018, Lo matan frente a su casa ,1, http://www.elnorte.com/seguridad/articulo/754/1507685/
2013, 6 de Julio      ,25.634601,-100.088603, Lo matan en Ju&#225;rez ,1, http://www.elnorte.com/seguridad/articulo/753/1504085/
2013, 17 de Julio      ,25.73272,-100.272099, Ejecutan a uno; hay tres heridos ,1, http://www.elnorte.com/local/articulo/754/1507767/
2013, 16 de Julio      ,25.742191,-100.231361, Ejecutan a pareja en un lote bald&#237;o ,2, http://www.elnorte.com/seguridad/articulo/754/1507364/
2013, 16 de Julio      ,25.721615,-100.24047, Acribillan en casa a mujer y su hermano ,2, http://www.elnorte.com/seguridad/articulo/754/1507366/
2013, 20 de Julio      ,25.681386,-100.329069, Plagian y asfixian a comerciante ,1, http://www.elnorte.com/seguridad/articulo/755/1508652/
2013, 14 de Julio      ,25.656261,-100.326891, Ejecutan a dos en la Col. Independencia ,2, http://www.elnorte.com/seguridad/articulo/754/1506714/
2013, 14 de Julio      ,25.656261,-100.326891, Ejecutan a dos en la Col. Independencia ,2, http://www.elnorte.com/seguridad/articulo/754/1506714/
2013, 6 de Julio      ,25.691466,-100.303419, Persiguen y ejecutan a uno; sicarios dejan grave a otro ,1, http://www.elnorte.com/seguridad/articulo/753/1504086/
2013, 18 de Julio      ,25.787913,-100.061502, Acribillan a joven; le dan 10 balazos ,1, http://www.elnorte.com/seguridad/articulo/755/1508071/
2013, 8 de Julio      ,25.7842519,-100.0502741, Hallan 3 cad&#225;veres en Pesquer&#237;a ,3, http://www.elnorte.com/seguridad/Articulo/753/1504831/
2013, 21 de Julio      ,25.672338,-100.263033, Ejecutan a mujer y hieren a novio ,1, http://www.elnorte.com/seguridad/articulo/755/1508930/
2013, 4 de Julio      ,25.671531,-100.265597, Ejecutan a joven; lesionan a 2 ni&#241;os ,1, http://www.elnorte.com/seguridad/articulo/752/1503493/
2013, 20 de Julio      ,25.746716,-100.229588, Ejecutan a hombre desde un veh&#237;culo ,1, http://www.elnorte.com/seguridad/articulo/755/1508673/
2013, 19 de Julio      ,25.730729,-100.178779, Ejecutan a hombre en Apodaca ,1, http://www.elnorte.com/seguridad/articulo/755/1508447/
2013, 13 de Julio      ,25.7663437,-100.1815316, Hallan a 2 ejecutados en Apodaca ,2, http://www.elnorte.com/seguridad/Articulo/754/1506492/
2013, 6 de Julio      ,25.75257,-100.147355, Hallan a mutilado dentro de maleta ,1, http://www.elnorte.com/seguridad/articulo/753/1504085/
2013, 2 de Julio      ,25.739601,-100.205956, Lo matan en Apodaca de balazo en la cabeza ,1, http://www.elnorte.com/seguridad/articulo/752/1502754/
2013, 3 de Julio      ,25.779566,-100.575371, Dejan cuerpo encobijado ,1, http://www.elnorte.com/seguridad/articulo/752/1503093/
2013, 2 de Julio      ,25.798606,-100.396113, Abaten a 2 y hieren a 4 de banda de asaltantes ,2, http://www.elnorte.com/seguridad/articulo/752/1502760/
2013, 29 de Julio      ,25.70697,-100.600777, Lo torturan y lo ejecutan ,1, http://www.elnorte.com/seguridad/articulo/756/1511320/
2013, 28 de Julio      ,25.568691,-99.981508, Hallan en Cadereyta a hombre ejecutado ,1, http://www.elnorte.com/seguridad/articulo/756/1511016/
2013, 17 de Julio      ,26.6597107,-99.9869346, Abaten a pistolero en enfrentamiento ,1, http://www.elnorte.com/seguridad/articulo/754/1507734/
2013, 1 de Junio      ,25.6773948,-100.2025565, Bajan de taxi y matan a 4 ,4, http://www.elnorte.com/seguridad/Articulo/747/1493028/
2013, 1 de Junio      ,25.75,-100.2833333, La balean en bar; muere en hospital ,1, http://www.elnorte.com/seguridad/Articulo/747/1493026/
2013, 30 de Junio      ,25.629774,-100.287323, Ejecutan dormidos a hombre y su hijo ,2, http://www.elnorte.com/seguridad/articulo/752/1502043/
2013, 26 de Junio      ,25.671313,-100.309081, Hallan a ejecutado en R&#237;o Santa Catarina ,1, http://www.elnorte.com/seguridad/articulo/751/1500825/
2013, 25 de Junio      ,25.660495,-100.3339968, Ejecutan a joven; dejan grave a otro ,1, http://www.elnorte.com/seguridad/articulo/751/1500480/
2013, 25 de Junio      ,25.68311,-100.307472, Lo asesinan en el Centro ,1, http://www.elnorte.com/seguridad/articulo/751/1500484/
2013, 23 de Junio      ,25.6320717,-100.2860774, Primero lo asaltan y luego lo matan ,1, http://www.elnorte.com/seguridad/Articulo/751/1500093/
2013, 19 de Junio      ,25.713408,-100.342587, Matan a tr&#225;nsito en zona escolar ,1, http://www.elnorte.com/seguridad/articulo/750/1498659/
2013, 15 de Junio      ,25.7482223,-100.3528126, Intenta salvarse; lo mata pistolero ,1, http://www.elnorte.com/seguridad/Articulo/749/1497477/
2013, 9 de Junio      ,25.671313,-100.309081, Muere a balazos en hotel   ,1, http://www.elnorte.com/seguridad/Articulo/748/1495463/
2013, 4 de Junio      ,25.703045,-100.293417, Siguen a rivales; asesinan a mujer ,1, http://www.elnorte.com/seguridad/articulo/747/1493867/
2013, 27 de Junio      ,25.663848,-100.219678, Matan sicarios a 3 en un billar ilegal ,3, http://www.elnorte.com/seguridad/articulo/751/1501272/
2013, 24 de Junio      ,25.7663437,-100.1815316, Cuelgan cuerpo en puente  ,1, http://www.elnorte.com/seguridad/Articulo/751/1500096/
2013, 10 de Junio      ,25.7670837,-100.195616, Acribillaban a hombre desde un veh&#237;culo ,1, http://www.elnorte.com/seguridad/Articulo/748/1495785/
2013, 6 de Junio      ,25.701634,-100.131841, Matan a taquero de tres balazos ,1, http://www.elnorte.com/seguridad/articulo/748/1494653/
2013, 11 de Junio      ,25.806189,-100.369302, La ejecutan en camioneta ,1, http://www.elnorte.com/seguridad/articulo/749/1496145/
2013, 24 de Junio      ,24.8597222,-99.5666667, Tiran en Linares a un decapitado ,1, http://www.elnorte.com/seguridad/Articulo/751/1500121/
2013, 22 de Junio      ,24.792968,-99.442062, Deg&#252;ellan a abogado ,1, http://www.elnorte.com/seguridad/articulo/750/1499610/
2013, 22 de Junio      ,24.859649,-99.569607, Hallan otro cad&#225;ver acuchillado ,1, http://www.elnorte.com/seguridad/articulo/750/1499611/
2013, 29 de Junio      ,25.806701,-100.596981, Matan a dos a tiros ,2, http://www.elnorte.com/seguridad/Articulo/751/1501864/
2013, 18 de Junio      ,25.915747,-100.686092, Encuentran dos cuerpos enterrados ,2, http://www.elnorte.com/seguridad/articulo/750/1498267/
2013, 3 de Junio      ,25.806701,-100.596981, Ejecutan a hombre en Garc&#237;a ,1, http://www.elnorte.com/seguridad/Articulo/747/1493493/
2013, 17 de Junio      ,25.4118027,-100.1688119, Hallan a calcinado en una camioneta ,1, http://www.elnorte.com/seguridad/Articulo/749/1497933/
2013, 30 de Junio      ,25.706216,-99.233816, Matan a mujer y levantan a su esposo  ,1, http://www.elnorte.com/seguridad/articulo/752/1502091/
2013, 24 de Junio      ,25.591932,-100.000305, Hallan a mujer asesinada en Cadereyta ,1, http://www.elnorte.com/seguridad/Articulo/751/1500092/
2013, 14 de Junio      ,25.591932,-100.000305, Matan a ex polic&#237;a y lo dejan en taxi ,1, http://www.elnorte.com/seguridad/Articulo/749/1497183/
2013, 18 de Junio      ,26.409091,-100.141754, Abate Ej&#233;rcito a delincuente en un tiroteo ,1, http://www.elnorte.com/seguridad/articulo/750/1498266/
2013, 27 de Junio      ,25.881079,-100.266981, Tiran en una zanja a pareja asesinada ,2, http://www.elnorte.com/seguridad/articulo/751/1501176/
2013, 28 de Mayo       ,25.851809,-99.976959, Abate Ministerial a cuatro en Mar&#237;n ,4, http://www.elnorte.com/seguridad/articulo/746/1491646/
2013, 29 de Mayo       ,25.732314,-100.267485, Ejecutan a mujer de seis balazos ,1, http://www.elnorte.com/seguridad/articulo/747/1492015/
2013, 22 de Mayo       ,25.716888,-100.260458, Lo asesinan desde taxi ,1, http://www.elnorte.com/seguridad/articulo/745/1489800/
2013, 18 de Mayo       ,25.7191147,-100.2606566, Ejecutan a ex reo en San Nicol&#225;s ,1, http://www.elnorte.com/seguridad/Articulo/745/1488525/
2013, 16 de Mayo       ,25.714887,-100.234784, Ejecutan a encargado de dep&#243;sito ,1, http://www.elnorte.com/seguridad/articulo/745/1488233/
2013, 26 de Mayo       ,25.7330836,-100.378896, Abate ministerial a extorsionador ,1, http://www.elnorte.com/seguridad/Articulo/746/1490962/
2013, 21 de Mayo       ,25.750193,-100.43021, Abaten a 5 en Cumbres ,5, http://www.elnorte.com/seguridad/articulo/745/1489455/
2013, 20 de Mayo       ,25.7229063,25.7229063, Abaten agentes a un pistolero ,1, http://www.elnorte.com/seguridad/Articulo/745/1489090/
2013, 15 de Mayo       ,25.766871,-100.392026, Ejecutan sicarios a cuatro en un bar ,4, http://www.elnorte.com/seguridad/articulo/744/1487579/
2013, 2 de Mayo       ,25.637193,-100.302837, Ejecutan en casa a mujer y su hijo ,2, http://www.elnorte.com/seguridad/articulo/742/1483458/
2013, 22 de Mayo       ,25.66731,-100.224774,  Fallece mesera por ataque a bar; suman 3  ,1, http://www.elnorte.com/seguridad/articulo/745/1489792/
2013, 21 de Mayo       ,25.66731,-100.224774,  Atacan otro bar; ejecutan a dos  ,2, http://www.elnorte.com/seguridad/articulo/745/1489438/
2013, 12 de Mayo       ,22.7552692,-102.5157567, Abaten a 2 tras persecuci&#243;n ,2, http://www.elnorte.com/seguridad/Articulo/744/1486521/
2013, 9 de Mayo       ,25.65528,-100.22236, Ejecutan a taxista pirata en Guadalupe ,1, http://www.elnorte.com/seguridad/articulo/743/1485715/
2013, 23 de Mayo       ,25.762349,-100.232627, Le dan 6 balazos y la cubren con piedras ,1, http://www.elnorte.com/seguridad/articulo/746/1490168/
2013, 22 de Mayo       ,25.775006,-100.239172, Abaten agentes a dos ,2, http://www.elnorte.com/seguridad/articulo/745/1489833/
2013, 18 de Mayo       ,25.7178242,-100.1797806, Rafaguean a familia en Apodaca ,3, http://www.elnorte.com/seguridad/Articulo/745/1488523/
2013, 1 de Mayo       ,25.702833,-100.147494, Lo asesinan de 6 balazos en Apodaca ,1, http://www.elnorte.com/seguridad/articulo/742/1483120/
2013, 22 de Mayo       ,25.808855,-100.447054, Hallan en Garc&#237;a restos de ejecutado  ,1, http://www.elnorte.com/seguridad/articulo/745/1489597/
2013, 5 de Mayo       ,25.7910851,-100.424555, Ejecutan y cuelgan a hombre ,1, http://www.elnorte.com/seguridad/Articulo/743/1484269/
2013, 30 de Mayo       ,25.681979,-100.443374, Encuentran a 2 ejecutados ,2, http://www.elnorte.com/seguridad/articulo/747/1492393/
2013, 30 de Mayo       ,25.704186,-100.516148, Encuentran a 2 ejecutados ,2, http://www.elnorte.com/seguridad/articulo/747/1492393/
2013, 12 de Mayo       ,25.6629236,-100.4530032, Matan a polic&#237;a en ataque a cuartel ,1, http://www.elnorte.com/seguridad/Articulo/744/1486498/
2013, 3 de Mayo       ,25.187001,-99.855294, Matan a 2 en tiroteo en Montemorelos ,2, http://www.elnorte.com/seguridad/articulo/742/1483838/
2013, 14 de Mayo       ,26.39344865,-99.2250623, Abaten a 4; rescatan a 4 plagiadas ,4, http://www.elnorte.com/seguridad/articulo/744/1487198/
2013, 13 de Mayo       ,25.503404,-99.788132, Encuentran en Cadereyta a dos muertos  ,2, http://www.elnorte.com/seguridad/Articulo/744/1486853/
2013, 30 de Abril      ,25.646865,-100.094719, Asesinan a joven frente a dep&#243;sito ,1, http://www.elnorte.com/seguridad/articulo/742/1482813/
2013, 28 de Abril      ,25.650763,-100.102991, Aterrorizan sicarios y ejecutan a siete ,7, http://www.elnorte.com/seguridad/articulo/742/1482100/
2013, 16 de Abril      ,25.649148,-100.159135, Riegan cuerpos de 8 ejecutados ,8, http://www.elnorte.com/seguridad/articulo/740/1478248/
2013, 13 de Abril      ,25.634717,-100.080128, Matan sicarios a 6 en s&#243;lo 5 minutos ,6, http://www.elnorte.com/seguridad/articulo/739/1477262/
2013, 26 de Abril      ,25.716927,-100.23266, Matan a hermanos ,2, http://www.elnorte.com/seguridad/articulo/741/1481645/
2013, 30 de Abril      ,25.734547,-100.327857, Ejecutan a dos a bordo de taxi ,2, http://www.elnorte.com/seguridad/articulo/742/1482799/
2013, 26 de Abril      ,25.674504,-100.385513, Matan a abogado ligado a antros ,1, http://www.elnorte.com/local/articulo/741/1481600/
2013, 24 de Abril      ,25.672319,-100.317847, Fallece comerciante baleado en mercado ,1, http://www.elnorte.com/seguridad/articulo/741/1480894/
2013, 21 de Abril      ,25.6847003,-100.2915645, Asesinan a comerciante afuera de casa ,1, http://www.elnorte.com/seguridad/Articulo/740/1479812/
2013, 21 de Abril      ,25.587607,-100.2538582, Hallan ejecutado en brecha ,1, http://www.elnorte.com/seguridad/Articulo/740/1479775/
2013, 20 de Abril      ,25.549624,-100.224292, Hallan un cuerpo en El Uro ,1, http://www.elnorte.com/seguridad/Articulo/740/1479553/
2013, 18 de Abril      ,25.667213,-100.284512, Matan a dos y se les caen al colgarlos ,2, http://www.elnorte.com/seguridad/articulo/740/1478907/
2013, 17 de Abril      ,25.6860332,-100.3186004,  Matan a 6 entre ellos a 4 mujeres,6, http://www.elnorte.com/seguridad/articulo/740/1478497/
2013, 15 de Abril      ,25.759083,-100.36441, Queda libre y la ejecutan ,1, http://www.elnorte.com/seguridad/articulo/739/1477841/
2013, 14 de Abril      ,25.7777668,-100.3708439, Ejecutan a mujer; la tiran en cancha ,1, http://www.elnorte.com/seguridad/Articulo/739/1477459/
2013, 13 de Abril      ,25.660308,-100.278568, Matan sicarios a 6 en s&#243;lo 5 minutos ,6, http://www.elnorte.com/seguridad/articulo/739/1477262/
2013, 13 de Abril      ,25.639563,-100.301496, Matan sicarios a 6 en s&#243;lo 5 minutos ,6, http://www.elnorte.com/seguridad/articulo/739/1477262/
2013, 11 de Abril      ,25.776871,-100.375793, Atacan a familia; ejecutan a pareja ,2, http://www.elnorte.com/seguridad/articulo/739/1476622/
2013, 5 de Abril      ,25.584398,-100.23649, Matan a joven y a su mascota ,1, http://www.elnorte.com/seguridad/articulo/738/1474668/
2013, 4 de Abril      ,25.792048,-100.387638, La bajan de auto corre y la matan,1, http://www.elnorte.com/seguridad/articulo/738/1474300/
2013, 25 de Abril      ,25.7842519,-100.0502741, Hallan un cuerpo en Pesquer&#237;a ,1, http://www.elnorte.com/seguridad/articulo/741/1481278/
2013, 11 de Abril      ,25.766272,-100.059571, Ejecutan sicarios a joven de 2 tiros ,1, http://www.elnorte.com/seguridad/articulo/739/1476568/
2013, 27 de Abril      ,25.660589,-100.150284, Matan a 4 en ataque a bar de Guadalupe ,4, http://www.elnorte.com/seguridad/articulo/741/1481902
2013, 24 de Abril      ,25.71394,-100.192298, Dejan cuerpo de ejecutado en camioneta ,1, http://www.elnorte.com/seguridad/articulo/741/1480889/
2013, 19 de Abril      ,25.659757,-100.210451, Abaten a pistolero; detienen a otros 3 ,1, http://www.elnorte.com/seguridad/articulo/740/1479157/
2013, 19 de Abril      ,25.697197,-100.207093, Lo ejecutan de 4 balazos ,1, http://www.elnorte.com/seguridad/articulo/740/1479161/
2013, 7 de Abril      ,25.6708465,-100.1976426, Ejecutan en bar a un cantinero ,1, http://www.elnorte.com/seguridad/Articulo/738/1475081/
2013, 3 de Abril      ,25.704331,-100.22633, Sale de su casa y lo ejecutan ,1, http://www.elnorte.com/seguridad/articulo/737/1473947/
2013, 1 de Abril      ,25.675191,-100.2175, Acribillan al encargado de un bar ,1, http://www.elnorte.com/seguridad/articulo/737/1473251/
2013, 27 de Abril      ,25.762639,-100.207071, Ejecutan a tr&#225;nsito de 3 tiros ,1, http://www.elnorte.com/seguridad/articulo/741/1481900/
2013, 21 de Abril      ,25.7359872,-100.1596815, Ejecutan a tres en Apodaca ,3, http://www.elnorte.com/seguridad/Articulo/740/1479791/
2013, 2 de Abril      ,25.794173,-100.171108, Calcinan cuerpo de un ejecutado ,1, http://www.elnorte.com/seguridad/articulo/737/1473945/
2013, 1 de Abril      ,25.777779,-100.328704, Matan a 3 en negocio de sonido ,3, http://www.elnorte.com/seguridad/articulo/737/1473258/
2013, 18 de Abril      ,25.890114,-100.126541, Ejecutan a guardia en Zuazua ,1, http://www.elnorte.com/seguridad/articulo/740/1478973/
2013, 9 de Abril      ,24.731903,-99.47648, Matan de 2 balazos a hombre en Linares ,1, http://www.elnorte.com/seguridad/articulo/738/1475794/
2013, 1 de Abril      ,25.72665,-100.501213, Encuentran a ejecutado en Garc&#237;a ,1, http://www.elnorte.com/seguridad/articulo/737/1473244/
2013, 18 de Abril      ,25.67727,-100.446346, Matan a dos y se les caen al colgarlos ,2, http://www.elnorte.com/seguridad/articulo/740/1478907/
2013, 26 de Abril      ,25.157832,-99.819975, Intentan desollar a ejecutado  ,1, http://www.elnorte.com/seguridad/articulo/741/1481594/
2013, 5 de Abril      ,25.699971,-99.622822, Va de visita y lo asesinan ,1, http://www.elnorte.com/seguridad/articulo/738/1474668/
2013, 29 de Abril      ,25.921228,-100.247884, Lo levantan y ejecutan en Salinas ,1, http://www.elnorte.com/seguridad/articulo/742/1482431/
2013, 27 de Abril      ,25.964604,-100.29376, Plagian a menor para ejecutar a su pap&#225; ,1, http://www.elnorte.com/seguridad/articulo/741/1481879/
2013, 10 de Abril      ,25.9143,-100.267797, Abaten a uno al enfrentar a federales ,1, http://www.elnorte.com/seguridad/articulo/739/1476190/
2013, 23 de Marzo      ,25.8765202,-100.0275366, Rescatan y abaten en Mar&#237;n ,1, http://www.elnorte.com/seguridad/Articulo/736/1470774/
2013, 16 de Marzo      ,25.886987,-100.02923,  Ejecutan a taxista y otro resulta ileso  ,1, http://www.elnorte.com/seguridad/articulo/735/1468673/
2013, 20 de Marzo      ,25.652485,-100.150262, Va por cerveza lo persiguen y ejecutan,1, http://www.elnorte.com/seguridad/articulo/735/1469912/
2013, 12 de Marzo      ,25.634253,-100.09944, Hallan a joven muerto a balazos y cuchilladas ,1, http://www.elnorte.com/seguridad/articulo/734/1467318/
2013, 30 de Marzo      ,25.613038,-100.269529, Hincan y ejecutan a hombre de 5 tiros ,1, http://www.elnorte.com/seguridad/articulo/737/1472707/
2013, 27 de Marzo      ,25.729589,-100.33217, Muere guardia baleado en bar; suman 12 ,1, http://www.elnorte.com/seguridad/articulo/736/1471917/
2013, 26 de Marzo      ,25.674988,-100.300026, Reparte hielo y lo asesinan de 2 balazos ,1, http://www.elnorte.com/seguridad/articulo/736/1471607/
2013, 26 de Marzo      ,25.729569,-100.341686, Fallece en hospital vendedor de hot dogs ,1, http://www.elnorte.com/seguridad/articulo/736/1471613/
2013, 24 de Marzo      ,25.7330836,-100.378896, Ejecutan a mujer en Solidaridad ,1, http://www.elnorte.com/seguridad/Articulo/736/1471039/
2013, 18 de Marzo      ,25.767315,-100.389504, Deg&#252;ellan a joven tras levantarlo ,1, http://www.elnorte.com/seguridad/articulo/735/1469192/
2013, 18 de Marzo      ,25.775688,-100.4193852, Muere hija que sobrevivi&#243; a fusilamiento ,1, http://www.elnorte.com/seguridad/articulo/735/1469175/
2013, 17 de Marzo      ,25.775688,-100.4193852, Balean a 2 mujeres; una muere ,1, http://www.elnorte.com/seguridad/Articulo/735/1468902/
2013, 17 de Marzo      ,25.7016533,-100.3514278, Ejecutan a 3 en Fomerrey 112 ,3, http://www.elnorte.com/seguridad/Articulo/735/1468873/
2013, 16 de Marzo      ,25.651237,-100.316699, Intenta ocultarse en casa pero lo matan,1, http://www.elnorte.com/seguridad/articulo/735/1468669/
2013, 15 de Marzo      ,25.746366,-100.32246, Ejecutan a un menor ,1, http://www.elnorte.com/seguridad/articulo/735/1468451/
2013, 15 de Marzo      ,25.745197,-100.341589, Estaciona su camioneta y lo asesinan ,1, http://www.elnorte.com/seguridad/articulo/735/1468450/
2013, 13 de Marzo      ,25.654661,-100.314649, Matan a 2 j&#243;venes; huyen hacia cerro ,2, http://www.elnorte.com/seguridad/articulo/734/1467711/
2013, 12 de Marzo      ,25.661885,-100.294061, Lo matan sicarios en puesto de tacos ,1, http://www.elnorte.com/seguridad/articulo/734/1467317/
2013, 10 de Marzo      ,25.757476,-100.355881, Rafaguean fiesta y matan a ni&#241;o ,1, http://www.elnorte.com/local/Articulo/734/1466719/
2013, 8 de Marzo      ,25.682723,-100.303041, Lo ejecutan frente a table ,1, http://www.elnorte.com/seguridad/articulo/734/1466195/
2013, 3 de Marzo      ,25.665384,-100.295772, Hallan ejecutado en R&#237;o Santa Catarina ,1, http://www.elnorte.com/seguridad/Articulo/733/1464467/
2013, 26 de Marzo      ,25.774504,-100.090642, Hallan a ejecutado con tiro en la nuca ,1, http://www.elnorte.com/seguridad/articulo/736/1471608/
2013, 9 de Marzo      ,25.78088,-100.062962, Abaten a pistolero; liberan a plagiado ,1, http://www.elnorte.com/seguridad/articulo/734/1466408/
2013, 4 de Marzo      ,25.831415,-100.091629, Hallan en Pesquer&#237;a restos de ejecutado ,1, http://www.elnorte.com/seguridad/articulo/733/1465066/
2013, 31 de Marzo      ,25.7456791,-100.1633228, Hallan envuelto a un ejecutado ,1, http://www.elnorte.com/seguridad/Articulo/737/1472882/
2013, 7 de Marzo      ,25.916519,-100.18085, Sale del Cereso y lo ejecutan ,1, http://www.elnorte.com/seguridad/articulo/733/1465846/
2013, 29 de Marzo      ,24.91048796,-99.49182234, Calcinan a mujer en pozo ,1, http://www.elnorte.com/seguridad/articulo/737/1472477/
2013, 29 de Marzo      ,24.95867,-100.093002, La abaten en balacera; hallan narcococina ,1, http://www.elnorte.com/seguridad/articulo/737/1472478/
2013, 2 de Marzo      ,25.657726,-100.434587, Matan a 2 j&#243;venes en Santa Catarina ,2, http://www.elnorte.com/seguridad/articulo/733/1464224/
2013, 23 de Marzo      ,25.4166153,-100.1591213, Hallan cuerpo semienterrado en Santiago ,1, http://www.elnorte.com/seguridad/Articulo/736/1470802/
2013, 28 de Marzo      ,25.195622,-99.820232, Levantan a joven; aparece degollado ,1, http://www.elnorte.com/seguridad/articulo/737/1472234/
2013, 22 de Marzo      ,25.608868,-99.991379, Encuentran muerto a hombre torturado ,1, http://www.elnorte.com/seguridad/articulo/736/1470589/
2013, 18 de Marzo      ,25.579831,-100.006914, Hallan en camioneta cabeza de un hombre ,1, http://www.elnorte.com/seguridad/articulo/735/1469514/
2013, 15 de Marzo      ,26.12585,-100.821533, Encuentran a fusilado ,1, http://www.elnorte.com/seguridad/articulo/735/1468397/
2013, 15 de Febrero    ,25.643509,-100.093646, Lo matan sicarios de un tiro ,1, http://www.elnorte.com/seguridad/articulo/730/1459396/
2013, 11 de Febrero    ,25.652111,-100.098822, Lo ejecutan de 3 balazos tras hincarlo ,1, http://www.elnorte.com/seguridad/Articulo/730/1458076/
2013, 1 de Febrero    ,25.646401,-100.094633, Hallan calcinada a due&#241;a de billar ,1, http://www.elnorte.com/seguridad/articulo/728/1455194/
2013, 28 de Febrero    ,25.673566,-100.38178, Citan a pareja y la ejecutan en taxi ,2, http://www.elnorte.com/seguridad/articulo/732/1463643/
2013, 27 de Febrero    ,25.646546,-100.309435, Tiran a mujer decapitada en La Risca ,1, http://www.elnorte.com/seguridad/articulo/732/1463234/
2013, 25 de Febrero    ,25.674523,-100.323254, Aumenta a siete ejecutados en ataque ,7, http://www.elnorte.com/seguridad/Articulo/732/1462471/
2013, 23 de Febrero    ,25.748492,-100.429716, Encuentran osamenta en sector Cumbres ,1, http://www.elnorte.com/seguridad/articulo/731/1461918/
2013, 22 de Febrero    ,25.769378,-100.365407, Ejecutan pistoleros a menor de 16 a&#241;os ,1, http://www.elnorte.com/seguridad/articulo/731/1461680/
2013, 20 de Febrero    ,25.751575,-100.348418,  Matan a familia que regresaba de velorio  ,3, http://www.elnorte.com/seguridad/articulo/731/1460922/
2013, 17 de Febrero    ,25.664225,-100.293739, Lo acribillan en la Caracol ,1, http://www.elnorte.com/seguridad/articulo/730/1459908/
2013, 17 de Febrero    ,25.697284,-100.292677, Tiran a desmembrado cerca de Polic&#237;a ,1, http://www.elnorte.com/seguridad/articulo/730/1459905/
2013, 16 de Febrero    ,25.702552,-100.331687, Matan a 7 en la Garza Nieto ,7, http://www.elnorte.com/seguridad/articulo/730/1459676/
2013, 16 de Febrero    ,25.655047,-100.320593, Lo persiguen y lo acribillan ,1, http://www.elnorte.com/seguridad/articulo/730/1459678/
2013, 15 de Febrero    ,25.657175,-100.331333, Hallan restos de un mutilado ,1, http://www.elnorte.com/seguridad/articulo/730/1459404/
2013, 15 de Febrero    ,25.685024,-100.338371, Ejecutan a levantado de 2 balazos ,1, http://www.elnorte.com/seguridad/articulo/730/1459417/
2013, 14 de Febrero    ,25.73071,-100.324574, Trata de escapar; lo matan sicarios ,1, http://www.elnorte.com/seguridad/articulo/730/1459104/
2013, 13 de Febrero    ,25.682829,-100.303824, Ahora matan a uno en ataque al Harem  ,1, http://www.elnorte.com/seguridad/articulo/730/1458741/
2013, 13 de Febrero    ,25.631496,-100.287216, Lo matan a balazos ,1, http://www.elnorte.com/seguridad/articulo/730/1458765/
2013, 13 de Febrero    ,25.682994,-100.305734, Fallece cliente baleado en bar ,1, http://www.elnorte.com/seguridad/articulo/730/1458738/
2013, 12 de Febrero    ,25.682994,-100.305734, Ejecutan a 2 dentro de bar ,2, http://www.elnorte.com/seguridad/articulo/730/1458429/
2013, 11 de Febrero    ,25.751771,-100.356105, Ejecutan a 4 en la Col. Francisco Villa ,4, http://www.elnorte.com/seguridad/Articulo/730/1458105/
2013, 10 de Febrero    ,25.65872,-100.317516, Visita a su novia; sicarios lo matan ,1, http://www.elnorte.com/seguridad/Articulo/729/1457758/
2013, 9 de Febrero    ,25.735088,-100.34277, Matan a 3 clientes dentro de un table ,3, http://www.elnorte.com/seguridad/articulo/729/1457549/
2013, 8 de Febrero    ,25.699778,-100.302311, Matan sicarios a maniatado de 2 balazos ,1, http://www.elnorte.com/seguridad/articulo/729/1457306/
2013, 4 de Febrero    ,25.745632,-100.419631, Atan a hombre y luego lo ejecutan ,1, http://www.elnorte.com/seguridad/articulo/728/1455883/
2013, 1 de Febrero    ,25.782571,-100.395405, Ejecutan a tr&#225;nsito regio y a mujer ,2, http://www.elnorte.com/local/articulo/728/1455188/
2013, 27 de Febrero    ,25.809265,-100.211599, Confiesan matar a alumno de FIME y a su novia ,2, http://www.elnorte.com/local/articulo/732/1463227/
2013, 20 de Febrero    ,25.774252,-100.247755, Lo matan en Apodaca  ,1, http://www.elnorte.com/seguridad/articulo/731/1460936/
2013, 19 de Febrero    ,25.770098,-100.237284, Ejecuta francotirador a mando antirrobos ,1, http://www.elnorte.com/seguridad/articulo/731/1460565/
2013, 16 de Febrero    ,25.756764,-100.167847, Asesinan a otro  ,1, http://www.elnorte.com/seguridad/articulo/730/1459676/
2013, 7 de Febrero    ,25.766059,-100.237917, Ejecutan a supervisor de casino ,1, http://www.elnorte.com/seguridad/articulo/729/1456959/
2013, 5 de Febrero    ,25.739485,-100.191429, Lo ejecutan desde taxi a 50 metros de su casa ,1, http://www.elnorte.com/seguridad/articulo/729/1456291/
2013, 20 de Febrero    ,25.817509,-100.347404, Plagian y ejecutan a alumno de FIME ,1, http://www.elnorte.com/seguridad/articulo/731/1460936/
2013, 13 de Febrero    ,25.812622,-100.311763, Tiran sicarios en brechas dos cuerpos ,2, http://www.elnorte.com/seguridad/articulo/730/1458735/
2013, 12 de Febrero    ,25.835123,-100.299683, Lo asesinan de un balazo ,1, http://www.elnorte.com/seguridad/articulo/730/1458428/
2013, 17 de Febrero    ,25.949864,-100.170937, Encajuelan a fiscal federal y su hermano ,2, http://www.elnorte.com/local/Articulo/730/1459900/
2013, 13 de Febrero    ,25.735736,-100.529194, Tiran sicarios en brechas dos cuerpos ,2, http://www.elnorte.com/seguridad/articulo/730/1458735/
2013, 3 de Febrero    ,25.803371,-100.389437, Deja un muerto tiroteo en Garc&#237;a ,1, http://www.elnorte.com/seguridad/Articulo/728/1455665/
2013, 27 de Febrero    ,25.659864,-100.432656, Torturan y ejecutan a hombre ,1, http://www.elnorte.com/seguridad/articulo/732/1463237/
2013, 28 de Febrero    ,25.57533,-100.014296, Lo asesinan desde auto ,1, http://www.elnorte.com/seguridad/articulo/732/1463654/
2013, 15 de Febrero    ,27.249441,-100.146732, Lo cre&#237;an ahogado; era asesinado ,1, http://www.elnorte.com/seguridad/articulo/730/1459398/
2013, 15 de Enero      ,25.657281,-100.089236, Ejecutan a taxista dentro de su auto ,1, http://www.elnorte.com/seguridad/articulo/725/1449745/
2013, 13 de Enero      ,25.63611,-100.089798, Acribillan a joven en Ju&#225;rez ,1, http://www.elnorte.com/seguridad/Articulo/725/1449113/
2013, 11 de Enero      ,25.638625,-100.070761, Hallan a semienterrado en R&#237;o ,1, http://www.elnorte.com/seguridad/articulo/725/1448617/
2013, 9 de Enero      ,25.645555,-100.109305, Ejecutan a ni&#241;o cuando jugaba futbol  ,1, http://www.elnorte.com/seguridad/articulo/724/1447999/
2013, 8 de Enero      ,25.717816,-100.226405, Ejecuta pero cae tras persecuci&#243;n,1, http://www.elnorte.com/seguridad/articulo/724/1447636/
2013, 7 de Enero      ,25.733887,-100.241115, Ejecutan en interior de pizzer&#237;a ,1, http://www.elnorte.com/seguridad/Articulo/724/1447328/
2013, 31 de Enero      ,25.639568,-100.301764, Matan a otro en la Campana  ,1, http://www.elnorte.com/seguridad/articulo/728/1454879/
2013, 29 de Enero      ,25.752106,-100.364635, Espera luz verde y lo matan a tiros ,1, http://www.elnorte.com/seguridad/articulo/728/1454194/
2013, 29 de Enero      ,25.763334,-100.355955, Ejecutan a pap&#225; y a sus dos hijos ,3, http://www.elnorte.com/seguridad/articulo/728/1454188/
2013, 27 de Enero      ,25.730171,-100.382075, Hallan un ejecutado en Valle Verde ,1, http://www.elnorte.com/seguridad/Articulo/727/1453505/
2013, 27 de Enero      ,25.768083,-100.406868, Hallan polic&#237;as a un sepultado  en Cumbres ,1, http://www.elnorte.com/seguridad/Articulo/727/1453479/
2013, 24 de Enero      ,25.690903,-100.319724, Ejecutan a 2 frente a ni&#241;os ,2, http://www.elnorte.com/seguridad/articulo/727/1452642/
2013, 22 de Enero      ,25.789149,-100.381737, Hincan a levantado y sicarios lo ejecutan ,1, http://www.elnorte.com/seguridad/articulo/726/1451949/
2013, 21 de Enero      ,25.681137,-100.305176, Abaten ministeriales a hombre armado ,1, http://www.elnorte.com/seguridad/Articulo/726/1451579/
2013, 20 de Enero      ,25.698946,-100.286656, Ejecutan a dos y dejan un lesionado  ,2, http://www.elnorte.com/seguridad/Articulo/726/1451287/
2013, 20 de Enero      ,25.733084,-100.378896, Lo bajan de camioneta y lo ejecutan  ,1, http://www.elnorte.com/seguridad/Articulo/726/1451248/
2013, 14 de Enero      ,25.777779,-100.381136, Tiran un torso cerca de plaza ,1, http://www.elnorte.com/seguridad/Articulo/725/1449476/
2013, 14 de Enero      ,25.769827,-100.390964, Abate Ministerial a 2 delincuentes ,2, http://www.elnorte.com/seguridad/Articulo/725/1449425/
2013, 12 de Enero      ,25.679851,-100.30803, Matan en el Centro a psic&#243;logo y socio ,2, http://www.elnorte.com/seguridad/articulo/725/1448853/
2013, 11 de Enero      ,25.787227,-100.37987, Asesinan a cliente y a un chatarrero ,2, http://www.elnorte.com/seguridad/articulo/725/1448616/
2013, 9 de Enero      ,25.699217,-100.281411, Acribillan a cuatro en La Moderna ,4, http://www.elnorte.com/seguridad/articulo/724/1447999/
2013, 9 de Enero      ,25.770987,-100.364549, Asesinan a 1 y levantan a 2  ,1, http://www.elnorte.com/seguridad/articulo/724/1447999/
2013, 8 de Enero      ,25.682008,-100.294168,  Balean a tres Grimaldo; mueren dos  ,2, http://www.elnorte.com/seguridad/articulo/724/1447671/
2013, 8 de Enero      ,25.691618,-100.288782, Vence muerte a acribillado ,1, http://www.elnorte.com/seguridad/articulo/724/1447633/
2013, 7 de Enero      ,25.681137,-100.305176, Ejecutan en bar a narcomenudista  ,1, http://www.elnorte.com/seguridad/Articulo/724/1447330/
2013, 7 de Enero      ,25.73266,-100.357509, Acribillan a 4; uno queda herido ,3, http://www.elnorte.com/seguridad/Articulo/724/1447327/
2013, 7 de Enero      ,25.727732,-100.334353, Ejecutan a hombre en interior de taller ,1, http://www.elnorte.com/seguridad/Articulo/724/1447329/
2013, 7 de Enero      ,25.665411,-100.274735, Asesinan a hombre dormido en su cama ,1, http://www.elnorte.com/seguridad/Articulo/724/1447280/
2013, 6 de Enero      ,25.687726,-100.290162, Matan a pareja y balean a hijo de 4 a&#241;os ,2, http://www.elnorte.com/local/Articulo/724/1447016/
2013, 4 de Enero      ,25.682762,-100.304146, Matan de 3 tiros a un franelero ,1, http://www.elnorte.com/seguridad/Articulo/724/1446550/
2013, 3 de Enero      ,25.739229,-100.336246, La cuelgan de puente ,1, http://www.elnorte.com/seguridad/articulo/724/1446314/
2013, 3 de Enero      ,25.738123,-100.341192, Ejecutan a mam&#225; e hijo ,2, http://www.elnorte.com/seguridad/articulo/724/1446293/
2013, 3 de Enero      ,25.690961,-100.320647,  Lo levantan y fusilan de 12 tiros  ,1, http://www.elnorte.com/seguridad/articulo/724/1446297/
2013, 2 de Enero      ,25.686033,-100.3186, Ahora matan a otros cuatro ,4, http://www.elnorte.com/seguridad/articulo/724/1446032/
2013, 2 de Enero      ,25.691884,-100.314008, Ahora matan a otros cuatro ,4, http://www.elnorte.com/seguridad/articulo/724/1446032/
2013, 1 de Enero      ,25.739088,-100.336238, Arranca 2013 con un acribillado ,1, http://www.elnorte.com/seguridad/articulo/723/1445745/
2013, 26 de Enero      ,25.70291,-100.246682, Ejecutan a mujer; atrapan a pistolero ,1, http://www.elnorte.com/seguridad/articulo/727/1453269/
2013, 10 de Enero      ,25.670955,-100.264192, Ejecutan a un lavacoches de 5 balazos ,1, http://www.elnorte.com/seguridad/articulo/725/1448262/
2013, 8 de Enero      ,25.694905,-100.202587, Matan a hombre; van 4 de la familia ,1, http://www.elnorte.com/seguridad/articulo/724/1447623/
2013, 20 de Enero      ,25.762257,-100.166824, Acribillan en Apodaca a 2 hermanos  ,2, http://www.elnorte.com/seguridad/Articulo/726/1451286/
2013, 9 de Enero      ,25.778223,-100.245953, Le dan el tiro de gracia  ,1, http://www.elnorte.com/seguridad/articulo/724/1447999/
2013, 7 de Enero      ,25.763402,-100.249147, Lo torturan y luego lo queman ,1, http://www.elnorte.com/seguridad/Articulo/724/1447279/
2013, 3 de Enero      ,25.758716,-100.171913, Encuentran en cajuela a 2 asesinados ,2, http://www.elnorte.com/seguridad/articulo/724/1446300/
2013, 9 de Enero      ,25.806247,-100.369141, Caen ejecutores al cambiar llanta  ,0, http://www.elnorte.com/seguridad/articulo/724/1447999/
2013, 7 de Enero      ,25.792646,-100.304481, Hallan cuerpo atado y degollado ,1, http://www.elnorte.com/seguridad/Articulo/724/1447281/
2013, 6 de Enero      ,25.792646,-100.304481, Secuestran a un taxista y lo ejecutan ,1, http://www.elnorte.com/seguridad/Articulo/724/1446994/
2013, 2 de Enero      ,25.955113,-100.163749, Ahora matan a otros cuatro ,4, http://www.elnorte.com/seguridad/articulo/724/1446032/
2013, 5 de Enero      ,25.955266,-100.477953, Caen 5; hallan cuerpo  ,1, http://www.elnorte.com/seguridad/articulo/724/1446781/
2013, 13 de Enero      ,24.85787,-99.566328, Hallan en Linares a 3 ejecutados ,3, http://www.elnorte.com/seguridad/Articulo/725/1449083/
2013, 31 de Enero      ,25.680722,-100.437773, Lo ejecutan frente a familia ,1, http://www.elnorte.com/seguridad/articulo/728/1454879/
2013, 28 de Enero      ,25.696761,-100.450193, Ejecutan a un taxista ,1, http://www.elnorte.com/seguridad/Articulo/727/1453860/
2013, 12 de Enero      ,25.692537,-100.450659, Atacan a novios; caen 3 polic&#237;as ,0, http://www.elnorte.com/local/articulo/725/1448855/
2013, 11 de Enero      ,25.695447,-100.478532, Ejecutan a hombre de tiro en la cabeza ,1, http://www.elnorte.com/seguridad/articulo/725/1448608/
2013, 5 de Enero      ,25.69914,-100.466752, Ve una mujer la ejecuci&#243;n de su esposo ,1, http://www.elnorte.com/seguridad/articulo/724/1446781/
2013, 2 de Enero      ,25.683333,-100.45, Ahora matan a otros cuatro ,4, http://www.elnorte.com/seguridad/articulo/724/1446032/
2013, 23 de Enero      ,25.377667,-100.111563, Evita secuestro; mata a plagiario ,1, http://www.elnorte.com/seguridad/Articulo/727/1452332/
2013, 19 de Enero      ,25.459046,-100.179305,  Hallan osamenta de un ejecutado  ,1, http://www.elnorte.com/seguridad/articulo/726/1451024/
2013, 9 de Enero      ,25.186612,-99.926662, Lo levantan en bar y aparece degollado  ,1, http://www.elnorte.com/seguridad/articulo/724/1447999/
2013, 17 de Enero      ,25.521685,-99.296837, Hallan restos de ejecutados y de un narcocampamento ,2, http://www.elnorte.com/seguridad/articulo/726/1450432/
2013, 16 de Enero      ,25.599629,-99.987763, Muere a 19 d&#237;as de ser atacada ,1, http://www.elnorte.com/seguridad/articulo/726/1450095/
2013, 5 de Enero      ,25.537408,-100.003653, Encuentran a asesinado ,1, http://www.elnorte.com/seguridad/articulo/724/1446772/
2013, 29 de Enero      ,26.001322,-100.532424, Finalizan b&#250;squeda: recuperan 17 cuerpos ,17, http://www.elnorte.com/seguridad/articulo/728/1454168/
2013, 28 de Enero      ,26.001322,-100.532424, Fusilan a m&#250;sicos tras torturarlos ,2, http://www.elnorte.com/seguridad/Articulo/727/1453859/
2013, 27 de Enero      ,26.001322,-100.532424, Escapa m&#250;sico y delata ejecuciones ,0, http://www.elnorte.com/seguridad/Articulo/727/1453519/
>>> ,,,,,,
